T (degC),rh (%),Tdew (degC),rain (mm),p (mbar),wv (m/s),Day sin,Day cos,Year sin,Year cos
9.034916508349099,76.19369823017668,4.585136686331434,0.19275272472753316,988.8964547545108,2.194190780921894,-0.00014078239207303533,-8.784265402991625e-05,-0.04452907634270891,-0.004650650597876071
